Date,Produit,Catégorie,Client_ID,Quantité,Prix_Unitaire,Moyen_Paiement
2024-05-11,"TV LG 42""",Électronique,C0039,5,350000,Carte bancaire
2024-03-18,Casque JBL,Accessoires,C0095,1,20000,Mobile Money
2024-03-01,Chaussures Nike,Mode,C0074,5,45000,Mobile Money
2024-11-24,Casque JBL,Accessoires,C0099,5,20000,Cash
2024-07-30,Sac à dos Puma,Mode,C0023,3,25000,Mobile Money
2024-02-06,Sac à dos Puma,Mode,C0018,2,25000,Mobile Money
2024-12-12,"TV LG 42""",Électronique,C0090,4,350000,Mobile Money
2024-02-14,Smartphone Samsung,Téléphonie,C0086,4,250000,Carte bancaire
2024-11-08,T-shirt Zara,Mode,C0027,5,10000,Carte bancaire
2024-04-24,Chaussures Nike,Mode,C0003,2,45000,Mobile Money
2024-10-28,"TV LG 42""",Électronique,C0058,2,350000,Carte bancaire
2024-04-19,"TV LG 42""",Électronique,C0057,5,350000,Cash
2024-12-03,Chaussures Nike,Mode,C0077,3,45000,Carte bancaire
2024-06-16,Sac à dos Puma,Mode,C0003,5,25000,Cash
2024-06-05,Montre Casio,Accessoires,C0004,4,18000,Carte bancaire
2024-04-25,Chaussures Nike,Mode,C0066,4,45000,Carte bancaire
2024-08-08,Laptop HP,Informatique,C0092,5,300000,Carte bancaire
2024-05-28,Montre Casio,Accessoires,C0020,2,18000,Carte bancaire
2024-05-09,Clavier Logitech,Accessoires,C0032,4,15000,Carte bancaire
2024-11-08,T-shirt Zara,Mode,C0014,5,10000,Cash
2024-01-21,Chaussures Nike,Mode,C0005,4,45000,Carte bancaire
2024-07-11,Chaussures Nike,Mode,C0020,4,45000,Carte bancaire
2024-06-25,Clavier Logitech,Accessoires,C0080,5,15000,Cash
2024-06-04,Sac à dos Puma,Mode,C0097,4,25000,Carte bancaire
2024-06-29,Sac à dos Puma,Mode,C0005,5,25000,Cash
2024-04-17,Smartphone Samsung,Téléphonie,C0046,4,250000,Cash
2024-04-15,Laptop HP,Informatique,C0045,1,300000,Carte bancaire
2024-10-09,Clavier Logitech,Accessoires,C0035,4,15000,Carte bancaire
2024-01-05,Casque JBL,Accessoires,C0082,1,20000,Carte bancaire
2024-11-29,Laptop HP,Informatique,C0026,2,300000,Mobile Money
2024-08-28,T-shirt Zara,Mode,C0040,5,10000,Carte bancaire
2024-10-26,Smartphone Samsung,Téléphonie,C0100,3,250000,Cash
2024-07-03,Smartphone Samsung,Téléphonie,C0060,5,250000,Cash
2024-11-23,"TV LG 42""",Électronique,C0080,1,350000,Mobile Money
2024-08-09,Laptop HP,Informatique,C0066,3,300000,Cash
2024-05-20,Chaussures Nike,Mode,C0054,4,45000,Mobile Money
2024-02-29,Laptop HP,Informatique,C0024,5,300000,Carte bancaire
2024-10-06,Chaussures Nike,Mode,C0058,5,45000,Cash
2024-05-23,Casque JBL,Accessoires,C0048,3,20000,Carte bancaire
2024-04-01,Smartphone Samsung,Téléphonie,C0081,5,250000,Cash
2024-01-11,Sac à dos Puma,Mode,C0019,3,25000,Mobile Money
2024-09-15,T-shirt Zara,Mode,C0051,3,10000,Mobile Money
2024-11-07,Sac à dos Puma,Mode,C0013,2,25000,Carte bancaire
2024-01-05,Sac à dos Puma,Mode,C0024,3,25000,Mobile Money
2024-11-29,Sac à dos Puma,Mode,C0073,1,25000,Cash
2024-12-24,Chaussures Nike,Mode,C0037,4,45000,Mobile Money
2024-08-22,Smartphone Samsung,Téléphonie,C0095,1,250000,Carte bancaire
2024-12-31,Smartphone Samsung,Téléphonie,C0027,1,250000,Mobile Money
2024-02-03,Casque JBL,Accessoires,C0007,4,20000,Carte bancaire
2024-06-01,Laptop HP,Informatique,C0070,2,300000,Cash
2024-05-13,Montre Casio,Accessoires,C0050,3,18000,Mobile Money
2024-12-12,Clavier Logitech,Accessoires,C0085,3,15000,Cash
2024-11-20,T-shirt Zara,Mode,C0077,3,10000,Mobile Money
2024-03-18,Clavier Logitech,Accessoires,C0016,2,15000,Cash
2024-06-05,Montre Casio,Accessoires,C0003,1,18000,Carte bancaire
2024-05-31,Laptop HP,Informatique,C0018,4,300000,Cash
2024-06-05,T-shirt Zara,Mode,C0014,5,10000,Mobile Money
2024-07-30,T-shirt Zara,Mode,C0003,2,10000,Mobile Money
2024-12-27,Clavier Logitech,Accessoires,C0070,4,15000,Mobile Money
2024-10-17,Chaussures Nike,Mode,C0091,3,45000,Carte bancaire
2024-05-01,"TV LG 42""",Électronique,C0082,3,350000,Mobile Money
2024-12-23,Sac à dos Puma,Mode,C0021,4,25000,Cash
2024-09-03,Chaussures Nike,Mode,C0027,4,45000,Cash
2024-10-02,Sac à dos Puma,Mode,C0033,4,25000,Carte bancaire
2024-07-05,T-shirt Zara,Mode,C0040,1,10000,Cash
2024-06-16,Chaussures Nike,Mode,C0060,5,45000,Mobile Money
2024-09-04,Sac à dos Puma,Mode,C0013,4,25000,Carte bancaire
2024-10-11,Smartphone Samsung,Téléphonie,C0029,2,250000,Carte bancaire
2024-02-02,Chaussures Nike,Mode,C0098,2,45000,Cash
2024-05-15,Laptop HP,Informatique,C0016,2,300000,Carte bancaire
2024-10-30,T-shirt Zara,Mode,C0050,5,10000,Cash
2024-01-09,Clavier Logitech,Accessoires,C0014,2,15000,Cash
2024-12-04,"TV LG 42""",Électronique,C0074,5,350000,Cash
2024-06-30,Sac à dos Puma,Mode,C0007,2,25000,Cash
2024-04-19,Smartphone Samsung,Téléphonie,C0100,3,250000,Mobile Money
2024-01-17,"TV LG 42""",Électronique,C0030,4,350000,Carte bancaire
2024-06-23,Laptop HP,Informatique,C0015,1,300000,Cash
2024-06-04,Chaussures Nike,Mode,C0092,4,45000,Cash
2024-04-05,Laptop HP,Informatique,C0088,4,300000,Carte bancaire
2024-07-15,Laptop HP,Informatique,C0045,1,300000,Mobile Money
2024-01-05,T-shirt Zara,Mode,C0007,4,10000,Carte bancaire
2024-04-17,Chaussures Nike,Mode,C0012,5,45000,Cash
2024-11-18,Casque JBL,Accessoires,C0064,5,20000,Cash
2024-10-30,Laptop HP,Informatique,C0076,2,300000,Cash
2024-11-01,Chaussures Nike,Mode,C0017,2,45000,Mobile Money
2024-06-13,Laptop HP,Informatique,C0002,5,300000,Cash
2024-01-17,Sac à dos Puma,Mode,C0006,2,25000,Mobile Money
2024-01-09,Sac à dos Puma,Mode,C0028,3,25000,Carte bancaire
2024-07-23,Clavier Logitech,Accessoires,C0051,4,15000,Carte bancaire
2024-05-02,Smartphone Samsung,Téléphonie,C0002,3,250000,Mobile Money
2024-10-30,T-shirt Zara,Mode,C0074,3,10000,Carte bancaire
2024-06-21,Casque JBL,Accessoires,C0053,1,20000,Cash
2024-03-05,Laptop HP,Informatique,C0009,5,300000,Mobile Money
2024-09-15,Smartphone Samsung,Téléphonie,C0021,5,250000,Carte bancaire
2024-06-13,Clavier Logitech,Accessoires,C0034,4,15000,Cash
2024-09-21,Smartphone Samsung,Téléphonie,C0096,2,250000,Carte bancaire
2024-11-19,Casque JBL,Accessoires,C0032,4,20000,Mobile Money
2024-10-05,"TV LG 42""",Électronique,C0061,5,350000,Carte bancaire
2024-06-01,Clavier Logitech,Accessoires,C0063,3,15000,Mobile Money
2024-02-07,Smartphone Samsung,Téléphonie,C0010,2,250000,Cash
2024-12-01,"TV LG 42""",Électronique,C0016,3,350000,Cash
2024-09-01,Montre Casio,Accessoires,C0006,4,18000,Mobile Money
2024-05-17,Sac à dos Puma,Mode,C0084,5,25000,Cash
2024-02-21,Laptop HP,Informatique,C0011,5,300000,Cash
2024-07-29,Sac à dos Puma,Mode,C0097,3,25000,Mobile Money
2024-11-07,Smartphone Samsung,Téléphonie,C0051,1,250000,Mobile Money
2024-12-06,Casque JBL,Accessoires,C0096,4,20000,Cash
2024-07-22,Sac à dos Puma,Mode,C0014,2,25000,Mobile Money
2024-01-13,Smartphone Samsung,Téléphonie,C0059,3,250000,Cash
2024-10-03,Laptop HP,Informatique,C0070,1,300000,Carte bancaire
2024-09-17,Casque JBL,Accessoires,C0046,3,20000,Mobile Money
2024-11-12,"TV LG 42""",Électronique,C0015,1,350000,Cash
2024-02-29,Clavier Logitech,Accessoires,C0066,1,15000,Carte bancaire
2024-12-27,Casque JBL,Accessoires,C0034,2,20000,Mobile Money
2024-04-04,Chaussures Nike,Mode,C0045,2,45000,Carte bancaire
2024-10-20,Laptop HP,Informatique,C0043,1,300000,Mobile Money
2024-05-02,Sac à dos Puma,Mode,C0085,1,25000,Mobile Money
2024-02-15,"TV LG 42""",Électronique,C0080,1,350000,Carte bancaire
2024-10-25,Sac à dos Puma,Mode,C0036,2,25000,Cash
2024-11-11,"TV LG 42""",Électronique,C0088,4,350000,Carte bancaire
2024-11-03,Chaussures Nike,Mode,C0064,3,45000,Mobile Money
2024-07-29,T-shirt Zara,Mode,C0048,5,10000,Cash
2024-04-28,Casque JBL,Accessoires,C0030,3,20000,Cash
2024-10-30,"TV LG 42""",Électronique,C0097,3,350000,Mobile Money
2024-11-05,Casque JBL,Accessoires,C0019,3,20000,Carte bancaire
2024-01-06,Sac à dos Puma,Mode,C0040,2,25000,Carte bancaire
2024-02-29,Montre Casio,Accessoires,C0075,4,18000,Carte bancaire
2024-04-20,Sac à dos Puma,Mode,C0071,1,25000,Mobile Money
2024-08-05,Clavier Logitech,Accessoires,C0098,2,15000,Mobile Money
2024-04-13,Casque JBL,Accessoires,C0081,1,20000,Carte bancaire
2024-09-16,Chaussures Nike,Mode,C0021,4,45000,Mobile Money
2024-04-06,Laptop HP,Informatique,C0098,4,300000,Mobile Money
2024-09-05,Laptop HP,Informatique,C0083,3,300000,Cash
2024-05-20,Smartphone Samsung,Téléphonie,C0023,4,250000,Carte bancaire
2024-06-14,Laptop HP,Informatique,C0060,3,300000,Cash
2024-08-21,Montre Casio,Accessoires,C0072,5,18000,Cash
2024-08-05,Sac à dos Puma,Mode,C0045,3,25000,Mobile Money
2024-11-07,Clavier Logitech,Accessoires,C0022,3,15000,Cash
2024-10-26,Montre Casio,Accessoires,C0095,2,18000,Mobile Money
2024-01-14,Chaussures Nike,Mode,C0051,2,45000,Mobile Money
2024-11-14,Laptop HP,Informatique,C0073,3,300000,Carte bancaire
2024-01-14,Sac à dos Puma,Mode,C0060,3,25000,Carte bancaire
2024-06-16,Laptop HP,Informatique,C0033,3,300000,Mobile Money
2024-01-18,Casque JBL,Accessoires,C0058,2,20000,Cash
2024-04-27,Sac à dos Puma,Mode,C0039,4,25000,Carte bancaire
2024-01-12,T-shirt Zara,Mode,C0017,2,10000,Cash
2024-10-22,Casque JBL,Accessoires,C0053,1,20000,Mobile Money
2024-07-12,"TV LG 42""",Électronique,C0032,3,350000,Carte bancaire
2024-10-30,Montre Casio,Accessoires,C0085,1,18000,Mobile Money
2024-03-29,Clavier Logitech,Accessoires,C0065,5,15000,Carte bancaire
2024-05-23,Montre Casio,Accessoires,C0088,5,18000,Carte bancaire
2024-03-09,Montre Casio,Accessoires,C0070,5,18000,Carte bancaire
2024-05-25,Clavier Logitech,Accessoires,C0038,1,15000,Carte bancaire
2024-03-12,"TV LG 42""",Électronique,C0014,1,350000,Carte bancaire
2024-08-10,T-shirt Zara,Mode,C0015,4,10000,Carte bancaire
2024-03-18,Casque JBL,Accessoires,C0025,5,20000,Mobile Money
2024-08-20,Smartphone Samsung,Téléphonie,C0077,2,250000,Cash
2024-07-18,Smartphone Samsung,Téléphonie,C0080,1,250000,Mobile Money
2024-02-20,Smartphone Samsung,Téléphonie,C0058,4,250000,Mobile Money
2024-01-04,Sac à dos Puma,Mode,C0056,4,25000,Mobile Money
2024-10-30,Casque JBL,Accessoires,C0054,5,20000,Carte bancaire
2024-08-13,Casque JBL,Accessoires,C0034,5,20000,Carte bancaire
2024-09-18,Chaussures Nike,Mode,C0014,3,45000,Carte bancaire
2024-02-19,Clavier Logitech,Accessoires,C0048,5,15000,Mobile Money
2024-10-09,Chaussures Nike,Mode,C0004,3,45000,Mobile Money
2024-01-26,Sac à dos Puma,Mode,C0097,4,25000,Mobile Money
2024-11-21,"TV LG 42""",Électronique,C0040,5,350000,Mobile Money
2024-09-18,Casque JBL,Accessoires,C0022,3,20000,Cash
2024-12-29,Casque JBL,Accessoires,C0019,4,20000,Carte bancaire
2024-02-12,T-shirt Zara,Mode,C0072,5,10000,Carte bancaire
2024-03-08,Smartphone Samsung,Téléphonie,C0066,4,250000,Cash
2024-09-05,Chaussures Nike,Mode,C0012,3,45000,Carte bancaire
2024-12-27,Smartphone Samsung,Téléphonie,C0066,5,250000,Carte bancaire
2024-11-03,Casque JBL,Accessoires,C0078,4,20000,Mobile Money
2024-11-29,T-shirt Zara,Mode,C0030,2,10000,Cash
2024-02-26,"TV LG 42""",Électronique,C0098,1,350000,Carte bancaire
2024-12-09,Clavier Logitech,Accessoires,C0061,5,15000,Carte bancaire
2024-03-28,Laptop HP,Informatique,C0045,5,300000,Mobile Money
2024-05-14,Smartphone Samsung,Téléphonie,C0033,2,250000,Cash
2024-04-15,Casque JBL,Accessoires,C0079,5,20000,Cash
2024-09-26,Casque JBL,Accessoires,C0036,3,20000,Carte bancaire
2024-02-07,Casque JBL,Accessoires,C0092,2,20000,Mobile Money
2024-09-21,T-shirt Zara,Mode,C0011,5,10000,Mobile Money
2024-02-04,Clavier Logitech,Accessoires,C0077,1,15000,Carte bancaire
2024-11-20,Clavier Logitech,Accessoires,C0013,4,15000,Mobile Money
2024-01-22,"TV LG 42""",Électronique,C0075,1,350000,Carte bancaire
2024-01-30,Sac à dos Puma,Mode,C0024,5,25000,Mobile Money
2024-08-06,Sac à dos Puma,Mode,C0014,2,25000,Mobile Money
2024-07-03,Casque JBL,Accessoires,C0010,1,20000,Carte bancaire
2024-04-16,Casque JBL,Accessoires,C0002,3,20000,Mobile Money
2024-05-02,Casque JBL,Accessoires,C0008,5,20000,Carte bancaire
2024-06-28,Smartphone Samsung,Téléphonie,C0056,1,250000,Carte bancaire
2024-08-09,Montre Casio,Accessoires,C0068,1,18000,Cash
2024-03-01,Chaussures Nike,Mode,C0083,1,45000,Carte bancaire
2024-02-12,Clavier Logitech,Accessoires,C0067,2,15000,Carte bancaire
2024-12-05,T-shirt Zara,Mode,C0099,5,10000,Cash
2024-11-23,T-shirt Zara,Mode,C0038,2,10000,Mobile Money
2024-09-28,Chaussures Nike,Mode,C0071,2,45000,Cash
2024-01-20,Smartphone Samsung,Téléphonie,C0052,3,250000,Cash
2024-12-26,Sac à dos Puma,Mode,C0049,3,25000,Mobile Money
2024-06-07,"TV LG 42""",Électronique,C0044,5,350000,Cash
2024-12-26,Clavier Logitech,Accessoires,C0068,3,15000,Mobile Money
2024-02-17,Chaussures Nike,Mode,C0011,4,45000,Carte bancaire
2024-09-29,T-shirt Zara,Mode,C0087,2,10000,Carte bancaire
2024-06-21,T-shirt Zara,Mode,C0099,3,10000,Carte bancaire
2024-08-11,T-shirt Zara,Mode,C0099,3,10000,Mobile Money
2024-02-23,"TV LG 42""",Électronique,C0053,1,350000,Carte bancaire
2024-10-18,Montre Casio,Accessoires,C0001,5,18000,Carte bancaire
2024-09-29,Laptop HP,Informatique,C0027,3,300000,Cash
2024-07-12,Smartphone Samsung,Téléphonie,C0089,5,250000,Mobile Money
2024-10-26,T-shirt Zara,Mode,C0086,1,10000,Carte bancaire
2024-10-22,Laptop HP,Informatique,C0071,5,300000,Carte bancaire
2024-03-10,Smartphone Samsung,Téléphonie,C0051,4,250000,Cash
2024-11-29,Casque JBL,Accessoires,C0080,5,20000,Cash
2024-05-29,T-shirt Zara,Mode,C0032,2,10000,Carte bancaire
2024-04-28,Montre Casio,Accessoires,C0053,5,18000,Carte bancaire
2024-12-20,Clavier Logitech,Accessoires,C0002,3,15000,Mobile Money
2024-02-02,Casque JBL,Accessoires,C0002,2,20000,Carte bancaire
2024-07-15,Chaussures Nike,Mode,C0055,4,45000,Cash
2024-06-23,"TV LG 42""",Électronique,C0003,4,350000,Mobile Money
2024-07-31,Casque JBL,Accessoires,C0076,1,20000,Mobile Money
2024-08-02,Montre Casio,Accessoires,C0035,2,18000,Carte bancaire
2024-03-11,Sac à dos Puma,Mode,C0008,1,25000,Cash
2024-10-05,Sac à dos Puma,Mode,C0042,5,25000,Cash
2024-03-05,Chaussures Nike,Mode,C0057,4,45000,Carte bancaire
2024-11-22,Laptop HP,Informatique,C0055,5,300000,Cash
2024-05-23,Clavier Logitech,Accessoires,C0064,1,15000,Mobile Money
2024-05-12,Montre Casio,Accessoires,C0041,3,18000,Cash
2024-11-21,Casque JBL,Accessoires,C0080,2,20000,Carte bancaire
2024-12-21,Chaussures Nike,Mode,C0013,2,45000,Carte bancaire
2024-01-15,T-shirt Zara,Mode,C0087,2,10000,Carte bancaire
2024-03-20,T-shirt Zara,Mode,C0053,1,10000,Mobile Money
2024-03-29,Smartphone Samsung,Téléphonie,C0085,3,250000,Carte bancaire
2024-07-29,Montre Casio,Accessoires,C0092,3,18000,Cash
2024-02-20,T-shirt Zara,Mode,C0049,2,10000,Mobile Money
2024-10-31,"TV LG 42""",Électronique,C0047,4,350000,Cash
2024-12-31,T-shirt Zara,Mode,C0040,4,10000,Carte bancaire
2024-04-19,T-shirt Zara,Mode,C0091,5,10000,Mobile Money
2024-07-08,Chaussures Nike,Mode,C0008,2,45000,Carte bancaire
2024-07-08,Smartphone Samsung,Téléphonie,C0034,2,250000,Cash
2024-02-22,T-shirt Zara,Mode,C0047,3,10000,Mobile Money
2024-03-19,Montre Casio,Accessoires,C0001,3,18000,Mobile Money
2024-02-09,Sac à dos Puma,Mode,C0064,2,25000,Mobile Money
2024-09-14,"TV LG 42""",Électronique,C0018,1,350000,Cash
2024-03-29,Chaussures Nike,Mode,C0028,2,45000,Carte bancaire
2024-08-01,Smartphone Samsung,Téléphonie,C0052,1,250000,Cash
2024-05-24,Montre Casio,Accessoires,C0071,3,18000,Carte bancaire
2024-11-19,T-shirt Zara,Mode,C0054,5,10000,Mobile Money
2024-09-17,Chaussures Nike,Mode,C0071,4,45000,Carte bancaire
2024-01-26,T-shirt Zara,Mode,C0064,5,10000,Mobile Money
2024-11-26,Chaussures Nike,Mode,C0085,5,45000,Cash
2024-08-03,Casque JBL,Accessoires,C0083,3,20000,Cash
2024-05-19,"TV LG 42""",Électronique,C0024,3,350000,Cash
2024-03-21,Sac à dos Puma,Mode,C0094,4,25000,Carte bancaire
2024-05-21,Clavier Logitech,Accessoires,C0048,2,15000,Carte bancaire
2024-12-12,Sac à dos Puma,Mode,C0016,4,25000,Carte bancaire
2024-05-17,Sac à dos Puma,Mode,C0084,1,25000,Mobile Money
2024-02-17,Laptop HP,Informatique,C0001,4,300000,Mobile Money
2024-12-10,Smartphone Samsung,Téléphonie,C0073,4,250000,Carte bancaire
2024-08-23,Smartphone Samsung,Téléphonie,C0006,3,250000,Mobile Money
2024-04-08,Casque JBL,Accessoires,C0027,3,20000,Cash
2024-01-05,Casque JBL,Accessoires,C0052,5,20000,Cash
2024-08-02,Laptop HP,Informatique,C0065,1,300000,Mobile Money
2024-02-23,Laptop HP,Informatique,C0053,5,300000,Carte bancaire
2024-05-21,Smartphone Samsung,Téléphonie,C0067,5,250000,Mobile Money
2024-11-18,"TV LG 42""",Électronique,C0052,1,350000,Mobile Money
2024-12-26,Laptop HP,Informatique,C0075,1,300000,Carte bancaire
2024-12-21,Clavier Logitech,Accessoires,C0001,1,15000,Cash
2024-08-31,"TV LG 42""",Électronique,C0044,5,350000,Cash
2024-09-21,Montre Casio,Accessoires,C0086,4,18000,Cash
2024-12-25,Clavier Logitech,Accessoires,C0024,4,15000,Mobile Money
2024-03-12,Casque JBL,Accessoires,C0095,2,20000,Cash
2024-11-09,Montre Casio,Accessoires,C0045,1,18000,Mobile Money
2024-04-04,Clavier Logitech,Accessoires,C0019,3,15000,Mobile Money
2024-12-11,Laptop HP,Informatique,C0042,5,300000,Mobile Money
2024-04-08,Clavier Logitech,Accessoires,C0036,5,15000,Mobile Money
2024-05-25,Clavier Logitech,Accessoires,C0098,1,15000,Cash
2024-09-18,Clavier Logitech,Accessoires,C0065,5,15000,Mobile Money
2024-04-06,Casque JBL,Accessoires,C0018,2,20000,Mobile Money
2024-06-12,Sac à dos Puma,Mode,C0020,5,25000,Cash
2024-07-09,"TV LG 42""",Électronique,C0064,5,350000,Carte bancaire
2024-11-03,Laptop HP,Informatique,C0006,5,300000,Mobile Money
2024-03-30,Chaussures Nike,Mode,C0026,1,45000,Carte bancaire
2024-10-13,Montre Casio,Accessoires,C0090,5,18000,Cash
2024-02-18,Sac à dos Puma,Mode,C0055,3,25000,Cash
2024-11-17,Laptop HP,Informatique,C0013,3,300000,Mobile Money
2024-11-20,"TV LG 42""",Électronique,C0056,5,350000,Cash
2024-11-17,Laptop HP,Informatique,C0016,3,300000,Cash
2024-12-03,T-shirt Zara,Mode,C0028,4,10000,Mobile Money
2024-05-19,Montre Casio,Accessoires,C0080,1,18000,Cash
2024-02-24,Montre Casio,Accessoires,C0058,1,18000,Carte bancaire
2024-10-10,Montre Casio,Accessoires,C0057,1,18000,Carte bancaire
2024-05-12,T-shirt Zara,Mode,C0017,2,10000,Cash
2024-07-04,Clavier Logitech,Accessoires,C0090,3,15000,Carte bancaire
2024-01-11,Chaussures Nike,Mode,C0069,1,45000,Mobile Money
2024-02-28,T-shirt Zara,Mode,C0021,4,10000,Mobile Money
2024-09-26,Chaussures Nike,Mode,C0014,4,45000,Carte bancaire
2024-01-13,"TV LG 42""",Électronique,C0023,4,350000,Mobile Money
2024-10-24,Chaussures Nike,Mode,C0076,3,45000,Cash
2024-09-06,Clavier Logitech,Accessoires,C0098,1,15000,Mobile Money
2024-11-07,Laptop HP,Informatique,C0014,3,300000,Carte bancaire
2024-01-17,T-shirt Zara,Mode,C0007,2,10000,Cash
2024-04-21,Smartphone Samsung,Téléphonie,C0040,2,250000,Cash
2024-11-26,Clavier Logitech,Accessoires,C0026,1,15000,Mobile Money
2024-02-18,Sac à dos Puma,Mode,C0054,5,25000,Cash
2024-04-05,T-shirt Zara,Mode,C0063,2,10000,Mobile Money
2024-01-23,T-shirt Zara,Mode,C0007,3,10000,Mobile Money
2024-07-18,Clavier Logitech,Accessoires,C0086,3,15000,Mobile Money
2024-10-09,Sac à dos Puma,Mode,C0014,5,25000,Mobile Money
2024-11-25,Laptop HP,Informatique,C0028,5,300000,Cash
2024-09-13,Chaussures Nike,Mode,C0019,3,45000,Mobile Money
2024-03-12,Smartphone Samsung,Téléphonie,C0055,4,250000,Cash
2024-05-21,Montre Casio,Accessoires,C0056,2,18000,Carte bancaire
2024-02-21,Sac à dos Puma,Mode,C0020,5,25000,Carte bancaire
2024-05-14,"TV LG 42""",Électronique,C0039,5,350000,Cash
2024-03-10,Smartphone Samsung,Téléphonie,C0012,4,250000,Carte bancaire
2024-11-22,Sac à dos Puma,Mode,C0018,1,25000,Mobile Money
2024-04-05,T-shirt Zara,Mode,C0093,1,10000,Cash
2024-05-22,Laptop HP,Informatique,C0007,5,300000,Carte bancaire
2024-02-22,Laptop HP,Informatique,C0083,5,300000,Carte bancaire
2024-01-04,Smartphone Samsung,Téléphonie,C0027,1,250000,Cash
2024-07-11,Smartphone Samsung,Téléphonie,C0004,1,250000,Mobile Money
2024-12-14,Clavier Logitech,Accessoires,C0075,2,15000,Mobile Money
2024-06-24,Chaussures Nike,Mode,C0005,2,45000,Cash
2024-09-24,T-shirt Zara,Mode,C0018,4,10000,Carte bancaire
2024-11-03,Montre Casio,Accessoires,C0100,2,18000,Carte bancaire
2024-01-07,Chaussures Nike,Mode,C0028,2,45000,Carte bancaire
2024-06-20,Chaussures Nike,Mode,C0048,1,45000,Cash
2024-02-14,Casque JBL,Accessoires,C0099,1,20000,Mobile Money
2024-05-05,"TV LG 42""",Électronique,C0045,4,350000,Mobile Money
2024-04-10,T-shirt Zara,Mode,C0059,3,10000,Carte bancaire
2024-02-14,Laptop HP,Informatique,C0100,3,300000,Cash
2024-11-06,Laptop HP,Informatique,C0026,5,300000,Cash
2024-04-08,Smartphone Samsung,Téléphonie,C0021,3,250000,Carte bancaire
2024-04-15,T-shirt Zara,Mode,C0060,5,10000,Carte bancaire
2024-10-04,"TV LG 42""",Électronique,C0063,2,350000,Cash
2024-10-28,Montre Casio,Accessoires,C0040,2,18000,Mobile Money
2024-10-09,Sac à dos Puma,Mode,C0037,1,25000,Carte bancaire
2024-06-02,"TV LG 42""",Électronique,C0011,2,350000,Carte bancaire
2024-10-09,Clavier Logitech,Accessoires,C0081,4,15000,Cash
2024-07-01,Smartphone Samsung,Téléphonie,C0074,2,250000,Mobile Money
2024-08-26,Laptop HP,Informatique,C0037,4,300000,Cash
2024-02-11,Montre Casio,Accessoires,C0053,5,18000,Carte bancaire
2024-03-16,Smartphone Samsung,Téléphonie,C0082,2,250000,Carte bancaire
2024-12-23,Montre Casio,Accessoires,C0064,3,18000,Carte bancaire
2024-07-02,Laptop HP,Informatique,C0097,4,300000,Mobile Money
2024-06-29,Laptop HP,Informatique,C0010,3,300000,Cash
2024-08-12,Chaussures Nike,Mode,C0082,5,45000,Carte bancaire
2024-08-15,Laptop HP,Informatique,C0037,2,300000,Carte bancaire
2024-02-25,Casque JBL,Accessoires,C0026,4,20000,Carte bancaire
2024-05-15,T-shirt Zara,Mode,C0082,2,10000,Carte bancaire
2024-02-27,Casque JBL,Accessoires,C0020,5,20000,Mobile Money
2024-02-06,Chaussures Nike,Mode,C0062,4,45000,Carte bancaire
2024-06-04,Smartphone Samsung,Téléphonie,C0076,4,250000,Cash
2024-05-08,Casque JBL,Accessoires,C0045,5,20000,Mobile Money
2024-11-27,Montre Casio,Accessoires,C0005,1,18000,Cash
2024-07-08,Chaussures Nike,Mode,C0085,3,45000,Mobile Money
2024-04-30,Chaussures Nike,Mode,C0074,1,45000,Carte bancaire
2024-03-09,Sac à dos Puma,Mode,C0100,3,25000,Mobile Money
2024-12-06,"TV LG 42""",Électronique,C0071,1,350000,Cash
2024-12-19,Sac à dos Puma,Mode,C0099,1,25000,Carte bancaire
2024-05-06,"TV LG 42""",Électronique,C0046,5,350000,Mobile Money
2024-07-11,Clavier Logitech,Accessoires,C0074,2,15000,Cash
2024-04-05,Clavier Logitech,Accessoires,C0031,4,15000,Mobile Money
2024-06-25,T-shirt Zara,Mode,C0011,3,10000,Carte bancaire
2024-12-26,Laptop HP,Informatique,C0090,2,300000,Cash
2024-05-31,Sac à dos Puma,Mode,C0028,1,25000,Mobile Money
2024-03-26,Chaussures Nike,Mode,C0003,5,45000,Carte bancaire
2024-06-01,Casque JBL,Accessoires,C0006,2,20000,Mobile Money
2024-09-27,Clavier Logitech,Accessoires,C0023,4,15000,Cash
2024-10-09,Clavier Logitech,Accessoires,C0022,5,15000,Carte bancaire
2024-04-13,T-shirt Zara,Mode,C0069,1,10000,Carte bancaire
2024-03-05,Montre Casio,Accessoires,C0024,5,18000,Cash
2024-08-02,Casque JBL,Accessoires,C0092,1,20000,Cash
2024-05-04,Sac à dos Puma,Mode,C0058,4,25000,Carte bancaire
2024-04-09,Chaussures Nike,Mode,C0066,3,45000,Cash
2024-11-29,Montre Casio,Accessoires,C0095,5,18000,Mobile Money
2024-08-22,Sac à dos Puma,Mode,C0053,5,25000,Carte bancaire
2024-11-25,"TV LG 42""",Électronique,C0082,1,350000,Cash
2024-10-13,Laptop HP,Informatique,C0063,4,300000,Carte bancaire
2024-10-03,T-shirt Zara,Mode,C0049,3,10000,Cash
2024-01-28,"TV LG 42""",Électronique,C0015,1,350000,Mobile Money
2024-09-21,Chaussures Nike,Mode,C0079,2,45000,Mobile Money
2024-03-13,Smartphone Samsung,Téléphonie,C0065,4,250000,Carte bancaire
2024-08-21,Sac à dos Puma,Mode,C0005,1,25000,Cash
2024-06-22,T-shirt Zara,Mode,C0003,3,10000,Carte bancaire
2024-07-04,T-shirt Zara,Mode,C0007,1,10000,Mobile Money
2024-07-20,Casque JBL,Accessoires,C0008,5,20000,Mobile Money
2024-10-18,Montre Casio,Accessoires,C0044,4,18000,Carte bancaire
2024-05-10,Laptop HP,Informatique,C0006,2,300000,Mobile Money
2024-12-29,Laptop HP,Informatique,C0006,5,300000,Mobile Money
2024-01-30,T-shirt Zara,Mode,C0021,5,10000,Mobile Money
2024-09-08,Laptop HP,Informatique,C0085,5,300000,Mobile Money
2024-02-11,Clavier Logitech,Accessoires,C0028,4,15000,Cash
2024-12-04,Sac à dos Puma,Mode,C0069,5,25000,Mobile Money
2024-03-04,T-shirt Zara,Mode,C0078,5,10000,Carte bancaire
2024-03-26,"TV LG 42""",Électronique,C0019,2,350000,Mobile Money
2024-10-17,"TV LG 42""",Électronique,C0009,4,350000,Carte bancaire
2024-05-17,Chaussures Nike,Mode,C0066,2,45000,Carte bancaire
2024-08-29,Clavier Logitech,Accessoires,C0089,3,15000,Cash
2024-10-09,Chaussures Nike,Mode,C0001,1,45000,Carte bancaire
2024-01-27,Clavier Logitech,Accessoires,C0047,2,15000,Mobile Money
2024-04-11,Casque JBL,Accessoires,C0025,5,20000,Mobile Money
2024-08-01,Montre Casio,Accessoires,C0061,2,18000,Carte bancaire
2024-07-02,Montre Casio,Accessoires,C0019,1,18000,Carte bancaire
2024-08-24,Chaussures Nike,Mode,C0023,5,45000,Cash
2024-09-19,Casque JBL,Accessoires,C0029,2,20000,Carte bancaire
2024-05-22,Chaussures Nike,Mode,C0021,3,45000,Cash
2024-08-22,Sac à dos Puma,Mode,C0079,4,25000,Carte bancaire
2024-10-15,Montre Casio,Accessoires,C0037,4,18000,Mobile Money
2024-04-27,Laptop HP,Informatique,C0076,2,300000,Mobile Money
2024-09-01,Montre Casio,Accessoires,C0088,4,18000,Mobile Money
2024-08-08,Clavier Logitech,Accessoires,C0022,3,15000,Cash
2024-12-16,Casque JBL,Accessoires,C0018,2,20000,Carte bancaire
2024-03-08,"TV LG 42""",Électronique,C0044,1,350000,Cash
2024-05-08,Sac à dos Puma,Mode,C0070,4,25000,Mobile Money
2024-05-13,Casque JBL,Accessoires,C0074,2,20000,Carte bancaire
2024-07-28,T-shirt Zara,Mode,C0036,1,10000,Carte bancaire
2024-01-30,Casque JBL,Accessoires,C0029,5,20000,Cash
2024-06-16,Chaussures Nike,Mode,C0003,3,45000,Cash
2024-08-30,Laptop HP,Informatique,C0063,1,300000,Cash
2024-02-03,"TV LG 42""",Électronique,C0041,1,350000,Carte bancaire
2024-12-11,Smartphone Samsung,Téléphonie,C0052,4,250000,Cash
2024-09-08,Clavier Logitech,Accessoires,C0087,2,15000,Carte bancaire
2024-02-19,T-shirt Zara,Mode,C0013,5,10000,Cash
2024-01-08,Clavier Logitech,Accessoires,C0094,5,15000,Carte bancaire
2024-12-09,Montre Casio,Accessoires,C0071,4,18000,Carte bancaire
2024-09-14,Casque JBL,Accessoires,C0026,3,20000,Carte bancaire
2024-05-16,"TV LG 42""",Électronique,C0008,4,350000,Cash
2024-09-11,T-shirt Zara,Mode,C0036,3,10000,Cash
2024-09-16,Montre Casio,Accessoires,C0100,4,18000,Cash
2024-09-24,Clavier Logitech,Accessoires,C0096,3,15000,Carte bancaire
2024-03-01,Casque JBL,Accessoires,C0088,5,20000,Carte bancaire
2024-12-01,Smartphone Samsung,Téléphonie,C0086,1,250000,Carte bancaire
2024-04-06,"TV LG 42""",Électronique,C0073,3,350000,Mobile Money
2024-12-01,Sac à dos Puma,Mode,C0019,4,25000,Mobile Money
2024-01-08,Sac à dos Puma,Mode,C0029,3,25000,Mobile Money
2024-08-28,"TV LG 42""",Électronique,C0014,2,350000,Carte bancaire
2024-06-06,Casque JBL,Accessoires,C0033,2,20000,Cash
2024-11-11,"TV LG 42""",Électronique,C0076,5,350000,Mobile Money
2024-10-26,Casque JBL,Accessoires,C0079,4,20000,Mobile Money
2024-09-07,Casque JBL,Accessoires,C0035,5,20000,Carte bancaire
2024-02-01,Laptop HP,Informatique,C0015,1,300000,Mobile Money
2024-04-22,Smartphone Samsung,Téléphonie,C0054,4,250000,Cash
2024-06-20,Montre Casio,Accessoires,C0032,5,18000,Carte bancaire
2024-04-24,Smartphone Samsung,Téléphonie,C0002,2,250000,Carte bancaire
2024-10-27,T-shirt Zara,Mode,C0013,5,10000,Cash
2024-08-29,Chaussures Nike,Mode,C0072,4,45000,Cash
2024-08-04,Clavier Logitech,Accessoires,C0059,1,15000,Cash
2024-09-25,Smartphone Samsung,Téléphonie,C0014,1,250000,Mobile Money
2024-12-06,Casque JBL,Accessoires,C0096,3,20000,Mobile Money
2024-06-24,"TV LG 42""",Électronique,C0006,3,350000,Cash
2024-11-24,Chaussures Nike,Mode,C0006,2,45000,Mobile Money
2024-02-27,Casque JBL,Accessoires,C0053,4,20000,Carte bancaire
2024-03-01,Laptop HP,Informatique,C0092,3,300000,Cash
2024-10-13,Sac à dos Puma,Mode,C0031,3,25000,Cash
2024-05-18,T-shirt Zara,Mode,C0052,5,10000,Carte bancaire
2024-03-10,Clavier Logitech,Accessoires,C0020,2,15000,Mobile Money
2024-03-14,"TV LG 42""",Électronique,C0025,4,350000,Cash
2024-03-16,Laptop HP,Informatique,C0073,2,300000,Cash
2024-08-01,Casque JBL,Accessoires,C0004,3,20000,Cash
2024-12-05,T-shirt Zara,Mode,C0039,4,10000,Carte bancaire
2024-09-07,Laptop HP,Informatique,C0047,3,300000,Carte bancaire
2024-04-12,Chaussures Nike,Mode,C0069,5,45000,Mobile Money
2024-09-10,"TV LG 42""",Électronique,C0058,3,350000,Mobile Money
2024-05-04,Chaussures Nike,Mode,C0096,4,45000,Mobile Money
2024-11-07,Montre Casio,Accessoires,C0098,1,18000,Mobile Money
2024-08-21,Smartphone Samsung,Téléphonie,C0074,1,250000,Mobile Money
2024-10-03,Smartphone Samsung,Téléphonie,C0028,1,250000,Carte bancaire
2024-11-07,T-shirt Zara,Mode,C0013,1,10000,Cash
2024-03-25,Smartphone Samsung,Téléphonie,C0073,1,250000,Cash
2024-01-11,Casque JBL,Accessoires,C0030,3,20000,Cash
2024-12-13,Clavier Logitech,Accessoires,C0050,3,15000,Mobile Money
2024-03-11,Sac à dos Puma,Mode,C0039,5,25000,Mobile Money
2024-06-23,Casque JBL,Accessoires,C0025,2,20000,Mobile Money
2024-08-19,Chaussures Nike,Mode,C0077,4,45000,Carte bancaire
2024-08-01,Laptop HP,Informatique,C0042,2,300000,Mobile Money
2024-04-20,Laptop HP,Informatique,C0042,1,300000,Cash
2024-09-02,"TV LG 42""",Électronique,C0016,4,350000,Cash
2024-03-15,Montre Casio,Accessoires,C0077,1,18000,Cash
2024-12-14,Casque JBL,Accessoires,C0016,4,20000,Carte bancaire
2024-11-25,Sac à dos Puma,Mode,C0046,4,25000,Carte bancaire
2024-03-16,Laptop HP,Informatique,C0094,5,300000,Cash
2024-06-17,Montre Casio,Accessoires,C0034,3,18000,Carte bancaire
2024-11-24,Clavier Logitech,Accessoires,C0023,3,15000,Cash
2024-04-06,Smartphone Samsung,Téléphonie,C0049,4,250000,Cash
2024-10-04,Chaussures Nike,Mode,C0045,4,45000,Cash
2024-02-14,"TV LG 42""",Électronique,C0034,4,350000,Cash
2024-04-27,Smartphone Samsung,Téléphonie,C0057,5,250000,Mobile Money
2024-11-24,"TV LG 42""",Électronique,C0012,4,350000,Mobile Money
2024-11-26,Smartphone Samsung,Téléphonie,C0024,5,250000,Mobile Money
2024-02-01,Smartphone Samsung,Téléphonie,C0085,5,250000,Carte bancaire
2024-06-13,Montre Casio,Accessoires,C0037,1,18000,Cash
2024-08-13,"TV LG 42""",Électronique,C0076,4,350000,Carte bancaire
2024-02-29,Clavier Logitech,Accessoires,C0096,5,15000,Carte bancaire
2024-01-06,Laptop HP,Informatique,C0062,5,300000,Cash
2024-05-24,Casque JBL,Accessoires,C0016,2,20000,Mobile Money
2024-07-24,Casque JBL,Accessoires,C0090,1,20000,Carte bancaire
2024-10-01,Montre Casio,Accessoires,C0008,2,18000,Mobile Money
2024-08-25,Chaussures Nike,Mode,C0039,4,45000,Mobile Money
2024-12-23,Laptop HP,Informatique,C0068,5,300000,Mobile Money
2024-07-30,"TV LG 42""",Électronique,C0045,5,350000,Carte bancaire
2024-11-05,Chaussures Nike,Mode,C0080,1,45000,Carte bancaire
2024-12-04,T-shirt Zara,Mode,C0037,2,10000,Cash
2024-07-21,"TV LG 42""",Électronique,C0021,3,350000,Mobile Money
2024-06-08,Casque JBL,Accessoires,C0012,5,20000,Mobile Money
2024-01-07,Clavier Logitech,Accessoires,C0066,5,15000,Cash
2024-01-03,T-shirt Zara,Mode,C0052,5,10000,Cash
2024-05-07,Smartphone Samsung,Téléphonie,C0087,1,250000,Mobile Money
2024-03-26,"TV LG 42""",Électronique,C0037,3,350000,Carte bancaire
2024-12-19,Sac à dos Puma,Mode,C0007,3,25000,Carte bancaire
2024-01-04,Montre Casio,Accessoires,C0010,1,18000,Carte bancaire
2024-06-12,Laptop HP,Informatique,C0030,4,300000,Carte bancaire
2024-12-14,Casque JBL,Accessoires,C0043,2,20000,Mobile Money
2024-03-17,Chaussures Nike,Mode,C0074,2,45000,Cash
2024-08-04,Clavier Logitech,Accessoires,C0047,1,15000,Carte bancaire
2024-09-23,Smartphone Samsung,Téléphonie,C0082,2,250000,Carte bancaire
2024-02-03,"TV LG 42""",Électronique,C0014,3,350000,Mobile Money
2024-04-30,Clavier Logitech,Accessoires,C0054,3,15000,Cash
2024-07-21,Montre Casio,Accessoires,C0018,1,18000,Mobile Money
2024-10-09,Montre Casio,Accessoires,C0034,2,18000,Cash
2024-04-09,Casque JBL,Accessoires,C0095,3,20000,Mobile Money
2024-12-08,Chaussures Nike,Mode,C0033,4,45000,Cash
2024-11-10,Laptop HP,Informatique,C0076,1,300000,Cash
2024-07-20,"TV LG 42""",Électronique,C0078,3,350000,Carte bancaire
2024-03-16,Smartphone Samsung,Téléphonie,C0052,3,250000,Mobile Money
2024-03-25,T-shirt Zara,Mode,C0063,1,10000,Cash
2024-02-08,Sac à dos Puma,Mode,C0097,5,25000,Carte bancaire
2024-02-03,Laptop HP,Informatique,C0022,2,300000,Cash
2024-07-28,"TV LG 42""",Électronique,C0025,1,350000,Mobile Money
2024-09-03,Laptop HP,Informatique,C0050,4,300000,Cash
2024-04-27,Laptop HP,Informatique,C0093,4,300000,Mobile Money
2024-09-30,Clavier Logitech,Accessoires,C0050,5,15000,Carte bancaire
2024-01-23,Smartphone Samsung,Téléphonie,C0003,1,250000,Cash
2024-04-01,Smartphone Samsung,Téléphonie,C0069,1,250000,Carte bancaire
2024-04-15,Smartphone Samsung,Téléphonie,C0065,1,250000,Cash
2024-11-29,Laptop HP,Informatique,C0021,1,300000,Cash
2024-12-03,Montre Casio,Accessoires,C0076,2,18000,Carte bancaire
2024-05-06,"TV LG 42""",Électronique,C0021,1,350000,Cash
2024-07-28,Sac à dos Puma,Mode,C0063,4,25000,Cash
2024-07-10,Laptop HP,Informatique,C0007,3,300000,Cash
2024-12-26,T-shirt Zara,Mode,C0042,1,10000,Mobile Money
2024-05-06,"TV LG 42""",Électronique,C0085,4,350000,Cash
2024-04-30,Smartphone Samsung,Téléphonie,C0056,1,250000,Carte bancaire
2024-03-25,Montre Casio,Accessoires,C0012,2,18000,Mobile Money
2024-07-23,Chaussures Nike,Mode,C0041,4,45000,Carte bancaire
2024-11-19,Sac à dos Puma,Mode,C0040,2,25000,Mobile Money
2024-03-31,Sac à dos Puma,Mode,C0074,2,25000,Mobile Money
2024-08-25,T-shirt Zara,Mode,C0068,2,10000,Carte bancaire
2024-10-24,Sac à dos Puma,Mode,C0041,4,25000,Cash
2024-07-01,Chaussures Nike,Mode,C0058,3,45000,Cash
2024-01-23,Smartphone Samsung,Téléphonie,C0052,2,250000,Mobile Money
2024-12-04,Laptop HP,Informatique,C0075,2,300000,Cash
2024-02-17,Smartphone Samsung,Téléphonie,C0048,5,250000,Carte bancaire
2024-11-30,Montre Casio,Accessoires,C0069,3,18000,Mobile Money
2024-09-01,Montre Casio,Accessoires,C0046,3,18000,Cash
2024-11-03,Clavier Logitech,Accessoires,C0009,1,15000,Cash
2024-10-10,Clavier Logitech,Accessoires,C0015,4,15000,Cash
2024-11-27,T-shirt Zara,Mode,C0071,4,10000,Cash
2024-04-15,Chaussures Nike,Mode,C0079,3,45000,Cash
2024-10-29,Casque JBL,Accessoires,C0073,1,20000,Carte bancaire
2024-12-27,T-shirt Zara,Mode,C0032,5,10000,Cash
2024-12-04,Montre Casio,Accessoires,C0004,2,18000,Cash
2024-04-24,Sac à dos Puma,Mode,C0034,1,25000,Mobile Money
2024-02-07,Casque JBL,Accessoires,C0039,4,20000,Cash
2024-07-01,Casque JBL,Accessoires,C0066,4,20000,Cash
2024-10-27,T-shirt Zara,Mode,C0046,2,10000,Cash
2024-04-28,Clavier Logitech,Accessoires,C0027,5,15000,Mobile Money
2024-06-08,T-shirt Zara,Mode,C0031,1,10000,Cash
2024-06-15,Clavier Logitech,Accessoires,C0062,2,15000,Carte bancaire
2024-02-20,Smartphone Samsung,Téléphonie,C0088,1,250000,Mobile Money
2024-04-27,Casque JBL,Accessoires,C0059,4,20000,Cash
2024-06-11,T-shirt Zara,Mode,C0071,4,10000,Carte bancaire
2024-06-03,Casque JBL,Accessoires,C0019,2,20000,Cash
2024-09-07,"TV LG 42""",Électronique,C0100,3,350000,Carte bancaire
2024-09-27,Smartphone Samsung,Téléphonie,C0061,3,250000,Carte bancaire
2024-03-08,Laptop HP,Informatique,C0002,5,300000,Mobile Money
2024-04-13,Sac à dos Puma,Mode,C0059,5,25000,Cash
2024-01-15,Laptop HP,Informatique,C0047,2,300000,Cash
2024-09-25,Montre Casio,Accessoires,C0041,5,18000,Cash
2024-02-13,"TV LG 42""",Électronique,C0090,5,350000,Carte bancaire
2024-11-20,Casque JBL,Accessoires,C0003,4,20000,Mobile Money
2024-05-22,"TV LG 42""",Électronique,C0005,2,350000,Carte bancaire
2024-02-20,"TV LG 42""",Électronique,C0008,1,350000,Cash
2024-11-07,T-shirt Zara,Mode,C0058,4,10000,Cash
2024-03-30,Montre Casio,Accessoires,C0049,1,18000,Mobile Money
2024-11-02,Chaussures Nike,Mode,C0067,3,45000,Carte bancaire
2024-12-25,Clavier Logitech,Accessoires,C0069,5,15000,Carte bancaire
2024-04-08,Sac à dos Puma,Mode,C0059,5,25000,Cash
2024-01-15,"TV LG 42""",Électronique,C0056,2,350000,Mobile Money
2024-12-13,Smartphone Samsung,Téléphonie,C0092,1,250000,Cash
2024-08-07,Sac à dos Puma,Mode,C0030,3,25000,Cash
2024-07-28,Montre Casio,Accessoires,C0068,4,18000,Cash
2024-06-13,T-shirt Zara,Mode,C0084,4,10000,Cash
2024-03-05,Smartphone Samsung,Téléphonie,C0073,3,250000,Cash
2024-06-08,Montre Casio,Accessoires,C0004,1,18000,Carte bancaire
2024-05-23,Smartphone Samsung,Téléphonie,C0059,3,250000,Carte bancaire
2024-05-20,Clavier Logitech,Accessoires,C0080,4,15000,Carte bancaire
2024-04-02,"TV LG 42""",Électronique,C0063,4,350000,Cash
2024-05-20,Casque JBL,Accessoires,C0019,3,20000,Cash
2024-12-18,Smartphone Samsung,Téléphonie,C0007,3,250000,Cash
2024-05-31,Smartphone Samsung,Téléphonie,C0021,2,250000,Carte bancaire
2024-11-07,"TV LG 42""",Électronique,C0039,5,350000,Mobile Money
2024-07-13,Smartphone Samsung,Téléphonie,C0014,4,250000,Mobile Money
2024-05-20,Montre Casio,Accessoires,C0070,3,18000,Mobile Money
2024-12-14,"TV LG 42""",Électronique,C0025,5,350000,Cash
2024-11-16,Sac à dos Puma,Mode,C0032,4,25000,Cash
2024-11-27,"TV LG 42""",Électronique,C0099,2,350000,Mobile Money
2024-06-17,Smartphone Samsung,Téléphonie,C0047,5,250000,Mobile Money
2024-09-28,Clavier Logitech,Accessoires,C0028,4,15000,Cash
2024-02-14,Clavier Logitech,Accessoires,C0055,2,15000,Carte bancaire
2024-03-11,"TV LG 42""",Électronique,C0006,1,350000,Mobile Money
2024-09-08,Chaussures Nike,Mode,C0005,2,45000,Mobile Money
2024-03-26,"TV LG 42""",Électronique,C0080,2,350000,Mobile Money
2024-01-14,"TV LG 42""",Électronique,C0015,2,350000,Carte bancaire
2024-01-29,Laptop HP,Informatique,C0044,2,300000,Cash
2024-06-12,"TV LG 42""",Électronique,C0039,1,350000,Cash
2024-11-11,Sac à dos Puma,Mode,C0025,5,25000,Mobile Money
2024-11-07,Clavier Logitech,Accessoires,C0045,4,15000,Carte bancaire
2024-10-17,Clavier Logitech,Accessoires,C0093,3,15000,Cash
2024-10-03,"TV LG 42""",Électronique,C0062,3,350000,Carte bancaire
2024-03-04,"TV LG 42""",Électronique,C0038,5,350000,Cash
2024-12-06,Clavier Logitech,Accessoires,C0049,3,15000,Cash
2024-01-28,Clavier Logitech,Accessoires,C0053,1,15000,Mobile Money
2024-06-02,Chaussures Nike,Mode,C0057,1,45000,Mobile Money
2024-07-24,Chaussures Nike,Mode,C0036,2,45000,Carte bancaire
2024-06-07,T-shirt Zara,Mode,C0049,2,10000,Mobile Money
2024-01-14,Casque JBL,Accessoires,C0064,4,20000,Mobile Money
2024-08-16,Smartphone Samsung,Téléphonie,C0076,2,250000,Cash
2024-05-07,Smartphone Samsung,Téléphonie,C0017,5,250000,Cash
2024-01-23,Casque JBL,Accessoires,C0093,4,20000,Cash
2024-06-10,T-shirt Zara,Mode,C0049,4,10000,Carte bancaire
2024-02-03,Smartphone Samsung,Téléphonie,C0036,2,250000,Mobile Money
2024-01-03,Chaussures Nike,Mode,C0041,3,45000,Carte bancaire
2024-11-08,"TV LG 42""",Électronique,C0087,3,350000,Carte bancaire
2024-04-08,Sac à dos Puma,Mode,C0019,5,25000,Mobile Money
2024-03-02,Chaussures Nike,Mode,C0011,5,45000,Cash
2024-08-04,Sac à dos Puma,Mode,C0027,5,25000,Mobile Money
2024-05-20,Clavier Logitech,Accessoires,C0082,1,15000,Mobile Money
2024-11-01,Casque JBL,Accessoires,C0054,4,20000,Cash
2024-07-17,Casque JBL,Accessoires,C0009,3,20000,Cash
2024-10-05,T-shirt Zara,Mode,C0064,1,10000,Mobile Money
2024-06-30,"TV LG 42""",Électronique,C0008,3,350000,Cash
2024-09-02,Chaussures Nike,Mode,C0015,2,45000,Cash
2024-10-27,Smartphone Samsung,Téléphonie,C0059,3,250000,Cash
2024-06-19,Montre Casio,Accessoires,C0017,4,18000,Carte bancaire
2024-09-30,Sac à dos Puma,Mode,C0009,1,25000,Cash
2024-04-21,Clavier Logitech,Accessoires,C0035,3,15000,Mobile Money
2024-06-09,Smartphone Samsung,Téléphonie,C0066,1,250000,Cash
2024-08-03,"TV LG 42""",Électronique,C0053,1,350000,Cash
2024-12-14,Casque JBL,Accessoires,C0036,5,20000,Mobile Money
2024-02-07,Laptop HP,Informatique,C0001,4,300000,Carte bancaire
2024-08-13,Montre Casio,Accessoires,C0037,2,18000,Carte bancaire
2024-06-29,Smartphone Samsung,Téléphonie,C0029,3,250000,Cash
2024-07-14,Montre Casio,Accessoires,C0022,4,18000,Cash
2024-06-02,Chaussures Nike,Mode,C0089,4,45000,Mobile Money
2024-09-09,Montre Casio,Accessoires,C0060,2,18000,Mobile Money
2024-09-13,Clavier Logitech,Accessoires,C0086,1,15000,Cash
2024-03-05,Smartphone Samsung,Téléphonie,C0058,3,250000,Cash
2024-11-01,Smartphone Samsung,Téléphonie,C0071,1,250000,Mobile Money
2024-07-12,Laptop HP,Informatique,C0099,3,300000,Mobile Money
2024-07-29,Chaussures Nike,Mode,C0091,3,45000,Mobile Money
2024-10-29,Laptop HP,Informatique,C0047,5,300000,Cash
2024-08-14,Smartphone Samsung,Téléphonie,C0077,4,250000,Mobile Money
2024-02-04,Clavier Logitech,Accessoires,C0046,4,15000,Mobile Money
2024-09-02,Clavier Logitech,Accessoires,C0084,5,15000,Cash
2024-03-26,Chaussures Nike,Mode,C0014,2,45000,Carte bancaire
2024-01-31,Casque JBL,Accessoires,C0003,1,20000,Cash
2024-08-22,"TV LG 42""",Électronique,C0030,3,350000,Mobile Money
2024-01-01,Laptop HP,Informatique,C0025,5,300000,Mobile Money
2024-05-04,Montre Casio,Accessoires,C0084,1,18000,Mobile Money
2024-03-04,Chaussures Nike,Mode,C0044,1,45000,Cash
2024-02-05,Sac à dos Puma,Mode,C0058,1,25000,Cash
2024-10-29,Smartphone Samsung,Téléphonie,C0096,2,250000,Carte bancaire
2024-01-09,"TV LG 42""",Électronique,C0045,1,350000,Cash
2024-08-27,Sac à dos Puma,Mode,C0077,3,25000,Cash
2024-09-26,Chaussures Nike,Mode,C0053,5,45000,Mobile Money
2024-02-03,Laptop HP,Informatique,C0036,3,300000,Cash
2024-03-21,Sac à dos Puma,Mode,C0037,4,25000,Mobile Money
2024-04-25,Smartphone Samsung,Téléphonie,C0070,5,250000,Carte bancaire
2024-08-08,Clavier Logitech,Accessoires,C0077,2,15000,Carte bancaire
2024-05-07,"TV LG 42""",Électronique,C0092,2,350000,Mobile Money
2024-03-09,Montre Casio,Accessoires,C0078,2,18000,Mobile Money
2024-09-01,T-shirt Zara,Mode,C0089,1,10000,Carte bancaire
2024-01-12,Sac à dos Puma,Mode,C0083,4,25000,Carte bancaire
2024-04-08,Montre Casio,Accessoires,C0046,1,18000,Mobile Money
2024-07-16,Clavier Logitech,Accessoires,C0038,4,15000,Cash
2024-04-20,Laptop HP,Informatique,C0081,3,300000,Cash
2024-12-12,Sac à dos Puma,Mode,C0029,5,25000,Cash
2024-03-16,Montre Casio,Accessoires,C0005,2,18000,Mobile Money
2024-10-31,Sac à dos Puma,Mode,C0057,1,25000,Mobile Money
2024-06-22,Montre Casio,Accessoires,C0022,1,18000,Mobile Money
2024-02-28,Smartphone Samsung,Téléphonie,C0065,5,250000,Cash
2024-08-04,Sac à dos Puma,Mode,C0068,1,25000,Cash
2024-09-02,"TV LG 42""",Électronique,C0071,2,350000,Mobile Money
2024-10-29,Casque JBL,Accessoires,C0062,5,20000,Cash
2024-03-13,T-shirt Zara,Mode,C0059,2,10000,Carte bancaire
2024-07-10,Smartphone Samsung,Téléphonie,C0036,3,250000,Cash
2024-04-11,Laptop HP,Informatique,C0089,1,300000,Mobile Money
2024-06-13,Clavier Logitech,Accessoires,C0016,4,15000,Carte bancaire
2024-10-01,T-shirt Zara,Mode,C0099,4,10000,Carte bancaire
2024-08-13,"TV LG 42""",Électronique,C0062,4,350000,Carte bancaire
2024-02-19,Chaussures Nike,Mode,C0060,4,45000,Cash
2024-01-22,Laptop HP,Informatique,C0099,4,300000,Cash
2024-10-08,Sac à dos Puma,Mode,C0070,3,25000,Cash
2024-02-25,Sac à dos Puma,Mode,C0018,5,25000,Cash
2024-09-29,Chaussures Nike,Mode,C0099,5,45000,Carte bancaire
2024-12-14,"TV LG 42""",Électronique,C0004,4,350000,Mobile Money
2024-06-18,Sac à dos Puma,Mode,C0003,3,25000,Cash
2024-01-28,Sac à dos Puma,Mode,C0063,2,25000,Mobile Money
2024-06-30,T-shirt Zara,Mode,C0008,4,10000,Cash
2024-09-30,"TV LG 42""",Électronique,C0008,3,350000,Carte bancaire
2024-06-03,Chaussures Nike,Mode,C0099,4,45000,Cash
2024-12-05,Clavier Logitech,Accessoires,C0078,3,15000,Cash
2024-04-12,"TV LG 42""",Électronique,C0004,4,350000,Carte bancaire
2024-11-11,Montre Casio,Accessoires,C0019,2,18000,Carte bancaire
2024-11-15,Smartphone Samsung,Téléphonie,C0018,5,250000,Carte bancaire
2024-03-26,Smartphone Samsung,Téléphonie,C0050,5,250000,Mobile Money
2024-07-13,Sac à dos Puma,Mode,C0084,4,25000,Mobile Money
2024-03-19,"TV LG 42""",Électronique,C0007,5,350000,Carte bancaire
2024-01-06,Smartphone Samsung,Téléphonie,C0069,3,250000,Mobile Money
2024-02-25,Laptop HP,Informatique,C0032,1,300000,Mobile Money
2024-10-11,Smartphone Samsung,Téléphonie,C0046,3,250000,Mobile Money
2024-03-07,Laptop HP,Informatique,C0076,2,300000,Carte bancaire
2024-12-10,Sac à dos Puma,Mode,C0039,3,25000,Cash
2024-01-24,Clavier Logitech,Accessoires,C0061,3,15000,Cash
2024-09-26,Smartphone Samsung,Téléphonie,C0070,3,250000,Mobile Money
2024-09-16,Sac à dos Puma,Mode,C0005,5,25000,Mobile Money
2024-10-21,Montre Casio,Accessoires,C0031,5,18000,Mobile Money
2024-02-02,Montre Casio,Accessoires,C0092,3,18000,Carte bancaire
2024-08-19,Clavier Logitech,Accessoires,C0037,4,15000,Carte bancaire
2024-05-25,Montre Casio,Accessoires,C0070,2,18000,Mobile Money
2024-08-21,Laptop HP,Informatique,C0005,3,300000,Carte bancaire
2024-02-15,Chaussures Nike,Mode,C0041,5,45000,Cash
2024-03-02,Chaussures Nike,Mode,C0083,2,45000,Mobile Money
2024-09-24,"TV LG 42""",Électronique,C0059,3,350000,Cash
2024-04-27,Laptop HP,Informatique,C0017,2,300000,Mobile Money
2024-05-31,Montre Casio,Accessoires,C0050,3,18000,Cash
2024-10-30,"TV LG 42""",Électronique,C0057,3,350000,Mobile Money
2024-10-24,Montre Casio,Accessoires,C0075,4,18000,Cash
2024-02-29,Smartphone Samsung,Téléphonie,C0011,3,250000,Mobile Money
2024-01-13,Laptop HP,Informatique,C0005,5,300000,Carte bancaire
2024-06-24,Smartphone Samsung,Téléphonie,C0062,4,250000,Mobile Money
2024-02-14,Montre Casio,Accessoires,C0071,1,18000,Cash
2024-11-02,Laptop HP,Informatique,C0089,5,300000,Carte bancaire
2024-03-11,Casque JBL,Accessoires,C0094,5,20000,Cash
2024-07-13,T-shirt Zara,Mode,C0054,1,10000,Carte bancaire
2024-11-20,"TV LG 42""",Électronique,C0007,2,350000,Mobile Money
2024-06-02,Chaussures Nike,Mode,C0013,3,45000,Mobile Money
2024-07-02,"TV LG 42""",Électronique,C0006,3,350000,Mobile Money
2024-06-08,Montre Casio,Accessoires,C0066,4,18000,Carte bancaire
2024-09-23,Montre Casio,Accessoires,C0030,3,18000,Carte bancaire
2024-06-06,T-shirt Zara,Mode,C0079,1,10000,Mobile Money
2024-12-12,Montre Casio,Accessoires,C0076,2,18000,Mobile Money
2024-08-18,Laptop HP,Informatique,C0009,1,300000,Cash
2024-09-04,Smartphone Samsung,Téléphonie,C0099,5,250000,Carte bancaire
2024-11-26,Casque JBL,Accessoires,C0061,5,20000,Carte bancaire
2024-11-22,Casque JBL,Accessoires,C0060,5,20000,Carte bancaire
2024-06-18,Chaussures Nike,Mode,C0010,3,45000,Mobile Money
2024-12-31,Laptop HP,Informatique,C0022,3,300000,Carte bancaire
2024-10-08,Montre Casio,Accessoires,C0059,4,18000,Mobile Money
2024-08-11,Casque JBL,Accessoires,C0092,5,20000,Mobile Money
2024-03-01,Chaussures Nike,Mode,C0036,5,45000,Mobile Money
2024-02-02,"TV LG 42""",Électronique,C0055,2,350000,Mobile Money
2024-07-01,"TV LG 42""",Électronique,C0092,3,350000,Carte bancaire
2024-03-21,"TV LG 42""",Électronique,C0023,1,350000,Carte bancaire
2024-12-18,T-shirt Zara,Mode,C0018,1,10000,Carte bancaire
2024-08-24,Chaussures Nike,Mode,C0069,3,45000,Carte bancaire
2024-07-27,T-shirt Zara,Mode,C0045,1,10000,Mobile Money
2024-10-12,Smartphone Samsung,Téléphonie,C0090,3,250000,Mobile Money
2024-08-05,Smartphone Samsung,Téléphonie,C0025,3,250000,Mobile Money
2024-01-15,Smartphone Samsung,Téléphonie,C0058,1,250000,Cash
2024-02-11,Chaussures Nike,Mode,C0006,2,45000,Carte bancaire
2024-09-05,Chaussures Nike,Mode,C0012,2,45000,Cash
2024-07-01,Sac à dos Puma,Mode,C0030,4,25000,Mobile Money
2024-05-28,Chaussures Nike,Mode,C0088,4,45000,Carte bancaire
2024-03-20,Smartphone Samsung,Téléphonie,C0045,1,250000,Cash
2024-11-12,T-shirt Zara,Mode,C0054,2,10000,Mobile Money
2024-12-23,Sac à dos Puma,Mode,C0085,5,25000,Mobile Money
2024-10-08,Chaussures Nike,Mode,C0083,3,45000,Mobile Money
2024-01-16,T-shirt Zara,Mode,C0092,3,10000,Mobile Money
2024-11-05,Chaussures Nike,Mode,C0014,2,45000,Carte bancaire
2024-03-07,Casque JBL,Accessoires,C0075,5,20000,Mobile Money
2024-09-19,Clavier Logitech,Accessoires,C0021,5,15000,Mobile Money
2024-04-11,Clavier Logitech,Accessoires,C0065,1,15000,Cash
2024-08-22,Clavier Logitech,Accessoires,C0039,2,15000,Mobile Money
2024-07-05,T-shirt Zara,Mode,C0016,2,10000,Cash
2024-06-05,Montre Casio,Accessoires,C0024,2,18000,Carte bancaire
2024-02-27,Laptop HP,Informatique,C0035,4,300000,Mobile Money
2024-12-04,Casque JBL,Accessoires,C0079,2,20000,Carte bancaire
2024-11-09,Smartphone Samsung,Téléphonie,C0091,2,250000,Mobile Money
2024-05-18,Clavier Logitech,Accessoires,C0064,3,15000,Mobile Money
2024-01-31,Smartphone Samsung,Téléphonie,C0003,2,250000,Mobile Money
2024-01-24,"TV LG 42""",Électronique,C0034,2,350000,Carte bancaire
2024-10-09,Montre Casio,Accessoires,C0072,2,18000,Mobile Money
2024-10-19,Laptop HP,Informatique,C0050,2,300000,Carte bancaire
2024-04-20,Clavier Logitech,Accessoires,C0006,4,15000,Mobile Money
2024-05-25,Montre Casio,Accessoires,C0053,5,18000,Carte bancaire
2024-12-10,Montre Casio,Accessoires,C0057,1,18000,Carte bancaire
2024-10-28,"TV LG 42""",Électronique,C0067,4,350000,Cash
2024-04-11,Casque JBL,Accessoires,C0062,2,20000,Cash
2024-09-16,T-shirt Zara,Mode,C0090,2,10000,Cash
2024-04-19,Chaussures Nike,Mode,C0032,2,45000,Cash
2024-03-20,Smartphone Samsung,Téléphonie,C0065,5,250000,Mobile Money
2024-08-11,"TV LG 42""",Électronique,C0072,2,350000,Cash
2024-05-03,Montre Casio,Accessoires,C0038,1,18000,Mobile Money
2024-02-23,Chaussures Nike,Mode,C0043,2,45000,Mobile Money
2024-11-17,Clavier Logitech,Accessoires,C0032,5,15000,Mobile Money
2024-12-05,Sac à dos Puma,Mode,C0044,5,25000,Mobile Money
2024-02-14,Sac à dos Puma,Mode,C0071,1,25000,Cash
2024-02-23,Sac à dos Puma,Mode,C0058,2,25000,Mobile Money
2024-04-12,Casque JBL,Accessoires,C0014,2,20000,Cash
2024-01-30,Montre Casio,Accessoires,C0093,1,18000,Carte bancaire
2024-08-29,Sac à dos Puma,Mode,C0002,1,25000,Mobile Money
2024-04-21,Sac à dos Puma,Mode,C0094,3,25000,Mobile Money
2024-10-23,Chaussures Nike,Mode,C0089,2,45000,Cash
2024-07-23,Casque JBL,Accessoires,C0060,1,20000,Cash
2024-03-20,T-shirt Zara,Mode,C0075,1,10000,Cash
2024-07-06,Smartphone Samsung,Téléphonie,C0045,3,250000,Cash
2024-08-26,Smartphone Samsung,Téléphonie,C0061,3,250000,Mobile Money
2024-02-04,Sac à dos Puma,Mode,C0038,4,25000,Cash
2024-07-31,"TV LG 42""",Électronique,C0076,3,350000,Mobile Money
2024-12-04,"TV LG 42""",Électronique,C0070,2,350000,Cash
2024-01-10,Smartphone Samsung,Téléphonie,C0097,1,250000,Carte bancaire
2024-08-15,Laptop HP,Informatique,C0048,5,300000,Cash
2024-10-07,Laptop HP,Informatique,C0083,3,300000,Cash
2024-07-11,Sac à dos Puma,Mode,C0014,3,25000,Cash
2024-09-16,Casque JBL,Accessoires,C0029,3,20000,Carte bancaire
2024-05-04,Clavier Logitech,Accessoires,C0036,5,15000,Carte bancaire
2024-11-04,Clavier Logitech,Accessoires,C0089,1,15000,Mobile Money
2024-08-06,Clavier Logitech,Accessoires,C0074,1,15000,Carte bancaire
2024-01-04,"TV LG 42""",Électronique,C0040,2,350000,Cash
2024-12-10,Montre Casio,Accessoires,C0091,4,18000,Mobile Money
2024-11-23,Sac à dos Puma,Mode,C0062,3,25000,Mobile Money
2024-02-06,Casque JBL,Accessoires,C0067,1,20000,Carte bancaire
2024-09-05,"TV LG 42""",Électronique,C0017,2,350000,Mobile Money
2024-06-30,T-shirt Zara,Mode,C0060,2,10000,Carte bancaire
2024-12-03,Casque JBL,Accessoires,C0034,5,20000,Cash
2024-03-10,Sac à dos Puma,Mode,C0035,1,25000,Mobile Money
2024-01-30,T-shirt Zara,Mode,C0030,5,10000,Cash
2024-08-07,T-shirt Zara,Mode,C0079,3,10000,Cash
2024-10-04,Clavier Logitech,Accessoires,C0029,3,15000,Cash
2024-05-26,Clavier Logitech,Accessoires,C0003,2,15000,Cash
2024-03-07,Chaussures Nike,Mode,C0045,3,45000,Carte bancaire
2024-02-17,Montre Casio,Accessoires,C0067,5,18000,Mobile Money
2024-11-17,Casque JBL,Accessoires,C0068,5,20000,Mobile Money
2024-03-27,Sac à dos Puma,Mode,C0005,2,25000,Carte bancaire
2024-10-19,Montre Casio,Accessoires,C0024,2,18000,Carte bancaire
2024-06-01,"TV LG 42""",Électronique,C0039,5,350000,Carte bancaire
2024-04-15,Montre Casio,Accessoires,C0069,5,18000,Cash
2024-01-18,Sac à dos Puma,Mode,C0077,5,25000,Cash
2024-10-22,Clavier Logitech,Accessoires,C0003,1,15000,Carte bancaire
2024-03-24,T-shirt Zara,Mode,C0050,4,10000,Cash
2024-09-25,Clavier Logitech,Accessoires,C0073,3,15000,Cash
2024-10-31,Clavier Logitech,Accessoires,C0039,5,15000,Mobile Money
2024-09-04,Laptop HP,Informatique,C0065,1,300000,Carte bancaire
2024-05-30,T-shirt Zara,Mode,C0050,2,10000,Mobile Money
2024-08-05,Montre Casio,Accessoires,C0036,3,18000,Carte bancaire
2024-09-06,Sac à dos Puma,Mode,C0080,1,25000,Mobile Money
2024-10-04,Laptop HP,Informatique,C0006,1,300000,Mobile Money
2024-02-10,T-shirt Zara,Mode,C0073,4,10000,Cash
2024-12-27,Casque JBL,Accessoires,C0028,4,20000,Mobile Money
2024-08-25,Casque JBL,Accessoires,C0016,3,20000,Carte bancaire
2024-09-22,Montre Casio,Accessoires,C0044,5,18000,Mobile Money
2024-11-17,Montre Casio,Accessoires,C0020,3,18000,Carte bancaire
2024-06-07,Clavier Logitech,Accessoires,C0010,4,15000,Cash
2024-03-21,Laptop HP,Informatique,C0043,5,300000,Carte bancaire
2024-10-09,Smartphone Samsung,Téléphonie,C0022,2,250000,Mobile Money
2024-04-08,T-shirt Zara,Mode,C0020,4,10000,Carte bancaire
2024-08-01,Chaussures Nike,Mode,C0034,1,45000,Mobile Money
2024-07-09,Clavier Logitech,Accessoires,C0018,1,15000,Mobile Money
2024-05-10,"TV LG 42""",Électronique,C0083,4,350000,Carte bancaire
2024-10-07,Casque JBL,Accessoires,C0026,2,20000,Cash
2024-07-17,Montre Casio,Accessoires,C0046,4,18000,Carte bancaire
2024-11-02,Chaussures Nike,Mode,C0067,1,45000,Carte bancaire
2024-01-11,Sac à dos Puma,Mode,C0034,5,25000,Cash
2024-07-23,T-shirt Zara,Mode,C0084,1,10000,Cash
2024-06-14,Smartphone Samsung,Téléphonie,C0100,4,250000,Carte bancaire
2024-02-29,Montre Casio,Accessoires,C0093,4,18000,Mobile Money
2024-07-31,Sac à dos Puma,Mode,C0099,1,25000,Cash
2024-11-24,Laptop HP,Informatique,C0059,3,300000,Mobile Money
2024-08-26,Montre Casio,Accessoires,C0099,1,18000,Carte bancaire
2024-04-11,Smartphone Samsung,Téléphonie,C0100,4,250000,Cash
2024-02-27,Chaussures Nike,Mode,C0057,4,45000,Cash
2024-06-15,Clavier Logitech,Accessoires,C0001,5,15000,Mobile Money
2024-08-05,T-shirt Zara,Mode,C0004,5,10000,Cash
2024-09-23,Casque JBL,Accessoires,C0091,3,20000,Mobile Money
2024-10-31,Chaussures Nike,Mode,C0071,1,45000,Mobile Money
2024-06-24,Smartphone Samsung,Téléphonie,C0015,1,250000,Cash
2024-09-16,Smartphone Samsung,Téléphonie,C0048,3,250000,Mobile Money
2024-04-21,Laptop HP,Informatique,C0008,1,300000,Mobile Money
2024-04-02,"TV LG 42""",Électronique,C0072,2,350000,Mobile Money
2024-08-02,T-shirt Zara,Mode,C0068,2,10000,Cash
2024-02-22,Laptop HP,Informatique,C0084,2,300000,Mobile Money
2024-11-04,Casque JBL,Accessoires,C0044,4,20000,Cash
2024-03-11,Sac à dos Puma,Mode,C0078,3,25000,Mobile Money
2024-02-04,Clavier Logitech,Accessoires,C0070,1,15000,Cash
2024-06-03,Clavier Logitech,Accessoires,C0007,1,15000,Cash
2024-05-05,T-shirt Zara,Mode,C0073,4,10000,Carte bancaire
2024-08-09,Laptop HP,Informatique,C0045,5,300000,Mobile Money
2024-10-03,Montre Casio,Accessoires,C0077,5,18000,Cash
2024-10-28,"TV LG 42""",Électronique,C0006,4,350000,Mobile Money
2024-08-20,Clavier Logitech,Accessoires,C0062,4,15000,Carte bancaire
2024-06-27,Clavier Logitech,Accessoires,C0050,5,15000,Carte bancaire
2024-08-26,Chaussures Nike,Mode,C0098,3,45000,Cash
2024-12-13,Montre Casio,Accessoires,C0065,5,18000,Carte bancaire
2024-03-21,Chaussures Nike,Mode,C0017,3,45000,Mobile Money
2024-07-31,T-shirt Zara,Mode,C0056,2,10000,Cash
2024-02-14,Laptop HP,Informatique,C0079,4,300000,Cash
2024-04-11,"TV LG 42""",Électronique,C0052,3,350000,Cash
2024-04-20,Montre Casio,Accessoires,C0051,3,18000,Mobile Money
2024-10-01,"TV LG 42""",Électronique,C0094,4,350000,Carte bancaire
2024-03-27,Laptop HP,Informatique,C0038,1,300000,Cash
2024-12-12,Montre Casio,Accessoires,C0071,1,18000,Mobile Money
2024-12-14,Sac à dos Puma,Mode,C0033,2,25000,Carte bancaire
2024-02-26,Chaussures Nike,Mode,C0041,3,45000,Carte bancaire
2024-08-28,Clavier Logitech,Accessoires,C0045,4,15000,Carte bancaire
2024-07-17,T-shirt Zara,Mode,C0017,3,10000,Carte bancaire
2024-05-14,Clavier Logitech,Accessoires,C0017,3,15000,Mobile Money
2024-09-24,"TV LG 42""",Électronique,C0056,2,350000,Mobile Money
2024-05-13,Clavier Logitech,Accessoires,C0019,4,15000,Mobile Money
2024-03-24,"TV LG 42""",Électronique,C0038,4,350000,Mobile Money
2024-05-18,Chaussures Nike,Mode,C0084,2,45000,Carte bancaire
2024-12-06,Casque JBL,Accessoires,C0081,4,20000,Carte bancaire
2024-12-23,Chaussures Nike,Mode,C0051,4,45000,Carte bancaire
2024-04-07,Laptop HP,Informatique,C0011,1,300000,Cash
2024-08-19,Clavier Logitech,Accessoires,C0007,1,15000,Carte bancaire
2024-06-06,Montre Casio,Accessoires,C0059,2,18000,Cash
2024-06-17,Montre Casio,Accessoires,C0025,3,18000,Cash
2024-09-28,"TV LG 42""",Électronique,C0053,5,350000,Carte bancaire
2024-01-26,T-shirt Zara,Mode,C0055,5,10000,Carte bancaire
2024-01-03,Montre Casio,Accessoires,C0087,2,18000,Carte bancaire
2024-04-16,Laptop HP,Informatique,C0030,2,300000,Cash
2024-10-10,Montre Casio,Accessoires,C0080,3,18000,Cash
2024-05-17,Chaussures Nike,Mode,C0020,5,45000,Carte bancaire
2024-10-02,Clavier Logitech,Accessoires,C0016,3,15000,Mobile Money
2024-09-26,Casque JBL,Accessoires,C0067,1,20000,Cash
2024-08-31,Laptop HP,Informatique,C0046,1,300000,Mobile Money
2024-12-07,Smartphone Samsung,Téléphonie,C0015,3,250000,Cash
2024-03-25,Casque JBL,Accessoires,C0006,3,20000,Mobile Money
2024-10-16,Sac à dos Puma,Mode,C0097,5,25000,Mobile Money
2024-11-06,T-shirt Zara,Mode,C0059,4,10000,Cash
2024-06-13,Chaussures Nike,Mode,C0064,3,45000,Cash
2024-02-14,T-shirt Zara,Mode,C0025,3,10000,Cash
2024-07-20,Sac à dos Puma,Mode,C0055,5,25000,Cash
2024-07-07,Chaussures Nike,Mode,C0042,4,45000,Mobile Money
2024-10-05,Sac à dos Puma,Mode,C0093,1,25000,Carte bancaire
2024-08-17,T-shirt Zara,Mode,C0025,5,10000,Carte bancaire
2024-01-06,Casque JBL,Accessoires,C0092,1,20000,Mobile Money
2024-08-10,Casque JBL,Accessoires,C0029,1,20000,Carte bancaire
2024-10-10,Montre Casio,Accessoires,C0092,4,18000,Carte bancaire
2024-10-23,Chaussures Nike,Mode,C0041,3,45000,Cash
2024-07-14,Clavier Logitech,Accessoires,C0018,4,15000,Cash
2024-09-08,"TV LG 42""",Électronique,C0027,4,350000,Mobile Money
2024-08-30,Clavier Logitech,Accessoires,C0097,3,15000,Cash
2024-09-26,Chaussures Nike,Mode,C0061,5,45000,Cash
2024-09-27,Montre Casio,Accessoires,C0087,5,18000,Carte bancaire
2024-10-08,Laptop HP,Informatique,C0031,4,300000,Carte bancaire
2024-02-14,Clavier Logitech,Accessoires,C0027,3,15000,Carte bancaire
2024-11-14,"TV LG 42""",Électronique,C0010,3,350000,Mobile Money
2024-09-02,Laptop HP,Informatique,C0072,5,300000,Mobile Money
2024-03-16,Sac à dos Puma,Mode,C0094,2,25000,Cash
2024-12-18,Casque JBL,Accessoires,C0089,2,20000,Carte bancaire
2024-11-26,T-shirt Zara,Mode,C0083,4,10000,Mobile Money
2024-09-16,"TV LG 42""",Électronique,C0060,3,350000,Cash
2024-08-20,Clavier Logitech,Accessoires,C0097,1,15000,Carte bancaire
2024-04-17,Chaussures Nike,Mode,C0095,3,45000,Mobile Money
2024-06-24,"TV LG 42""",Électronique,C0100,1,350000,Mobile Money
2024-04-13,Laptop HP,Informatique,C0008,4,300000,Mobile Money
2024-10-02,Casque JBL,Accessoires,C0029,3,20000,Cash
2024-04-12,Chaussures Nike,Mode,C0100,3,45000,Carte bancaire
2024-11-09,Casque JBL,Accessoires,C0038,2,20000,Cash
2024-03-06,Casque JBL,Accessoires,C0046,1,20000,Carte bancaire
2024-05-24,Clavier Logitech,Accessoires,C0073,3,15000,Cash
2024-07-08,Smartphone Samsung,Téléphonie,C0060,1,250000,Carte bancaire
2024-03-13,Casque JBL,Accessoires,C0034,4,20000,Cash
2024-11-12,"TV LG 42""",Électronique,C0057,5,350000,Cash
2024-05-28,T-shirt Zara,Mode,C0098,2,10000,Cash
2024-11-21,"TV LG 42""",Électronique,C0090,4,350000,Mobile Money
2024-06-27,Chaussures Nike,Mode,C0098,2,45000,Cash
2024-09-16,Clavier Logitech,Accessoires,C0032,5,15000,Mobile Money
2024-01-21,T-shirt Zara,Mode,C0003,4,10000,Mobile Money
2024-12-18,"TV LG 42""",Électronique,C0082,5,350000,Cash
2024-01-16,Montre Casio,Accessoires,C0042,1,18000,Mobile Money
2024-10-11,Laptop HP,Informatique,C0037,4,300000,Carte bancaire
2024-06-08,Chaussures Nike,Mode,C0083,4,45000,Mobile Money
2024-10-17,Sac à dos Puma,Mode,C0007,4,25000,Cash
2024-11-14,Sac à dos Puma,Mode,C0014,4,25000,Mobile Money
2024-10-21,T-shirt Zara,Mode,C0071,2,10000,Mobile Money
2024-08-27,"TV LG 42""",Électronique,C0071,4,350000,Carte bancaire
2024-08-17,Sac à dos Puma,Mode,C0069,4,25000,Mobile Money
2024-06-25,Sac à dos Puma,Mode,C0017,1,25000,Carte bancaire
2024-01-05,Montre Casio,Accessoires,C0026,2,18000,Cash
2024-04-28,Montre Casio,Accessoires,C0031,5,18000,Mobile Money
2024-02-18,T-shirt Zara,Mode,C0020,1,10000,Carte bancaire
2024-08-26,Laptop HP,Informatique,C0030,3,300000,Cash
2024-10-06,T-shirt Zara,Mode,C0033,4,10000,Cash
2024-06-26,T-shirt Zara,Mode,C0032,1,10000,Carte bancaire
2024-01-25,Casque JBL,Accessoires,C0018,4,20000,Mobile Money
2024-01-04,Casque JBL,Accessoires,C0083,1,20000,Mobile Money
